{
  "project_info": {
    "project_number": "148001945963",
    "project_id": "success-station-f3124",
    "storage_bucket": "success-station-f3124.appspot.com"
  },
  "client": [
    {
      "client_info": {
        "mobilesdk_app_id": "1:148001945963:android:bb436862d72d3d8116f42e",
        "android_client_info": {
          "package_name": "com.successstations.success_stations"
        }
      },
      "oauth_client": [
        {
          "client_id": "148001945963-6cp9n8k2sbc55ko53udu8blkrbctnon9.apps.googleusercontent.com",
          "client_type": 3
        }
      ],
      "api_key": [
        {
          "current_key": "AIzaSyCvyJysHuxKc30bjN3gUbBduSOnyKJWwls"
        }
      ],
      "services": {
        "appinvite_service": {
          "other_platform_oauth_client": [
            {
              "client_id": "148001945963-6cp9n8k2sbc55ko53udu8blkrbctnon9.apps.googleusercontent.com",
              "client_type": 3
            },
            {
              "client_id": "148001945963-b2ungtu6drp5nknovbuam1nineeom32n.apps.googleusercontent.com",
              "client_type": 2,
              "ios_info": {
                "bundle_id": "com.success-stations.success-station"
              }
            }
          ]
        }
      }
    }
  ],
  "configuration_version": "1"
}